x0,x1,y,p_x,q_x
0.9986046201509261,0.3906445589634341,0.0,0.0001054746989014737,0.0001
0.8455400674563481,0.6719696507504885,1.0,0.0002707568333634194,0.0001
0.9509199671711245,0.9072103942062638,1.0,0.0002501835726465691,0.0001
0.5168949066877786,0.5268509727645557,1.0,0.0001369690571197609,0.0001
0.6689911775680313,0.926781993765107,1.0,0.0002514802699809941,0.0001
0.8508681038980609,0.6639995427669357,1.0,0.0002672356952544124,0.0001
0.8161000050091987,0.9271400573967477,1.0,0.0002735352347938806,0.0001
0.8435459918640454,0.6837849670388548,1.0,0.0002749360508072155,0.0001
0.9043957393960502,0.5340836355733629,1.0,0.0001974527960047498,0.0001
0.7867128464017328,0.4378293922108635,0.0,0.00015398096279955844,0.0001
0.5122485742616263,0.62311662008047,1.0,0.0001678559882589467,0.0001
0.7395738591269752,0.6294905612692574,1.0,0.0002521251342095253,0.0001
0.5415280633617646,0.8099696452614716,1.0,0.00021251525739486785,0.0001
0.9526862866752002,0.9223943176510997,1.0,0.00024520193827720307,0.0001
0.527543278443674,0.8449044218982287,1.0,0.00020281700178542271,0.0001
0.6225342889835997,0.4073736856094138,0.0,0.00011736655169289406,0.0001
0.7101021300398006,0.6996147377932476,1.0,0.00027117254755544947,0.0001
0.9614896775582673,0.5894674176867128,1.0,0.000208833032203858,0.0001
0.5888673384959647,0.81457675173042,1.0,0.00023736571483516335,0.0001
0.2581028396267415,0.5147064645203057,1.0,4.552787590161862e-05,0.0001
0.9067823475886422,0.738382072503718,1.0,0.0002752151817679868,0.0001
0.7261791413346995,0.5588113864705653,1.0,0.00021603536739521945,0.0001
0.6310508637483039,0.672093665998377,1.0,0.00023723002972709172,0.0001
0.6677742490597991,0.3187192852068912,0.0,8.54537749904421e-05,0.0001
0.7813865045331709,0.7461733321712594,1.0,0.00029216847429710966,0.0001
0.5826446930280806,0.5814792203592867,1.0,0.00018467105504065055,0.0001
0.6240222888684858,0.9225713150105604,1.0,0.0002359429536963386,0.0001
0.8541972944865732,0.6090760298334147,1.0,0.00024386210424574907,0.0001
0.6029980290218526,0.7192738818994105,1.0,0.00023672924241968654,0.0001
0.962409981115051,0.9816962468236865,1.0,0.0002206542119131981,0.0001
0.7450498289964492,0.713099666403928,1.0,0.00028165798569910154,0.0001
0.40505934472454697,0.6162883552325188,1.0,0.0001149973421676109,0.0001
0.8304802532428667,0.8603182719179139,1.0,0.00029024133476508913,0.0001
0.7928051415637197,0.8982923600506252,1.0,0.00028286894384068435,0.0001
0.7326989892310842,0.5456712880352002,1.0,0.000210079675451361,0.0001
0.5825527244683704,0.47504952649791665,0.0,0.0001382645425694766,0.0001
0.7080151058087943,0.6618143707748614,1.0,0.00025872533598056993,0.0001
0.8092282229454525,0.5151278622883025,1.0,0.00019782108080153464,0.0001
0.912482876195063,0.8340032618562077,1.0,0.00027713544791106964,0.0001
0.575478463960666,0.8463086105660853,1.0,0.0002283266837216125,0.0001
0.6861152883735376,0.5416143300649562,1.0,0.0001993147143647428,0.0001
0.7368565463922162,0.795144940939568,1.0,0.0002910503068237128,0.0001
0.9812152877561215,0.9014533733999329,1.0,0.00023934131445264219,0.0001
0.7244888917390853,0.6073480185309186,1.0,0.0002397186388279922,0.0001
0.5896790296312556,0.8545624376107207,1.0,0.0002345079791887479,0.0001
0.9226061474274885,0.5682160334745846,1.0,0.00021055967232884367,0.0001
0.1345322592257011,0.5632475644041253,1.0,2.4509341135298197e-05,0.0001
0.8706496818645703,0.7170638068020511,1.0,0.00027983510420120185,0.0001
0.4737212824278936,0.40149245265444833,0.0,7.882412701658889e-05,0.0001
0.7442924722428857,0.7866987648716789,1.0,0.0002921151889101002,0.0001
0.5452249264854984,0.6374232994539425,1.0,0.00018807519501562765,0.0001
0.9030106299624888,0.5977564763657445,1.0,0.0002295179639861399,0.0001
0.9551582555756374,0.9390222341589212,1.0,0.00023901902117095015,0.0001
0.9786630955455954,0.42597134844995144,0.0,0.0001257706229482251,0.0001
0.9538143614606145,0.4727775189438196,0.0,0.0001544518527482105,0.0001
0.6793268418862645,0.6542056325905103,1.0,0.00024825573919931126,0.0001
0.6449872977494736,0.7077881439314601,1.0,0.00025236832897070327,0.0001
0.5158986088588687,0.5687692836998609,1.0,0.00015181204984103067,0.0001
0.78058993976503,0.904647058475652,1.0,0.0002805945312925904,0.0001
0.5963166980687172,0.8637087376672191,1.0,0.00023646991980773915,0.0001
0.459993309285049,0.46089447497660363,0.0,9.374365011139174e-05,0.0001
0.33852106326776665,0.5190029083223856,1.0,6.898841498131253e-05,0.0001
0.875379192686326,0.980245636816691,1.0,0.0002453527333687159,0.0001
0.9471321916183004,0.8803403970182346,1.0,0.00025802001477392094,0.0001
0.3987271387680199,0.6697526254276648,1.0,0.00012195206111750255,0.0001
0.43060280297818854,0.37657549868433715,0.0,6.124219894579965e-05,0.0001
0.7817748115741631,0.8248579859172681,1.0,0.00029553848929573124,0.0001
0.7381610018255282,0.7332179020397143,1.0,0.0002848976272353898,0.0001
0.22875088350064665,0.6799476744737332,1.0,5.404726247250426e-05,0.0001
0.973817217682545,0.9877152470663704,1.0,0.00021406982971027038,0.0001
0.8808216689877372,0.9155126861245382,1.0,0.0002688551746458164,0.0001
0.5601438387809573,0.9197224641661249,1.0,0.00020731248245350097,0.0001
0.793758970468522,0.807489190609993,1.0,0.0002968046779467237,0.0001
0.8536356168845758,0.5032803770010342,1.0,0.00018847264824607292,0.0001
0.695733283270236,0.9457219255331518,1.0,0.00025290586024233634,0.0001
0.6103534019427906,0.6628116788447393,1.0,0.00022579265592411466,0.0001
0.9240479520785809,0.8997163612959425,1.0,0.0002616200417775841,0.0001
0.5578325059113779,0.4242417527427904,0.0,0.00010932801625267768,0.0001
0.45980985455880985,0.7654256392377413,1.0,0.00016549249679213753,0.0001
0.7323650186224767,0.8752790842841044,1.0,0.0002821227636752004,0.0001
0.7844827655273153,0.5074589937536542,1.0,0.00019333884828286706,0.0001
0.9714119830976174,0.7351883472110979,1.0,0.0002510460461590568,0.0001
0.7787613311865262,0.7877802436249183,1.0,0.0002960556510862676,0.0001
0.7399929870752155,0.7783271981598774,1.0,0.0002909631727020359,0.0001
0.2737974222525196,0.9851191159447892,1.0,6.266219185177797e-05,0.0001
0.9004568303635891,0.619095735475734,1.0,0.0002397171834346198,0.0001
0.5224072895230066,0.6361305338031349,1.0,0.0001766190035523983,0.0001
0.6255528230688344,0.342943036961156,0.0,8.973716776212553e-05,0.0001
0.36359342613531953,0.6677415948109401,1.0,0.00010498679153036355,0.0001
0.49566110781365014,0.12654546789374044,0.0,1.9350797324254268e-05,0.0001
0.539938421425285,0.7526548946153566,1.0,0.00020938644134156712,0.0001
0.8182931093217954,0.3443595571647904,0.0,0.00010498686106300073,0.0001
0.4546667447948086,0.8424131043482178,1.0,0.00016211076265870513,0.0001
0.48009410183307044,0.9433305806849174,1.0,0.00016063460786551193,0.0001
0.5890732539272924,0.5714711075560835,1.0,0.00018308888221996416,0.0001
0.6620616265252018,0.3960772503111465,0.0,0.00011941998333957802,0.0001
0.772317269564317,0.7364868278291977,1.0,0.00028990352103882254,0.0001
0.36569721585888726,0.6410906157713685,1.0,0.00010192058799917077,0.0001
0.5786919285900528,0.7071380281631761,1.0,0.00022263784172324333,0.0001
0.8008350533223647,0.6373156346284377,1.0,0.00026013870364379035,0.0001
0.8132345312749204,0.9595870259976584,1.0,0.0002612123312156729,0.0001
0.31124408237596857,0.9452122831392132,1.0,8.09397210966425e-05,0.0001
0.7354460957079505,0.7053086534252475,1.0,0.00027807230677812247,0.0001
0.9743580468350452,0.5415081247438192,1.0,0.00018262878113531442,0.0001
0.6828787743853948,0.3211210374957777,0.0,8.808808268549962e-05,0.0001
0.9666540807801205,0.8059374782690883,1.0,0.0002583990985009001,0.0001
0.5160318200134973,0.6620279931027457,1.0,0.00018040033325034707,0.0001
0.41669803329544397,0.800780598909392,1.0,0.00014244335750595737,0.0001
0.2508051873417524,0.8238386707252703,1.0,6.553821071288834e-05,0.0001
0.8878800015142684,0.7078063682823303,1.0,0.00027381060988479055,0.0001
0.6431762761569162,0.7385989260750768,1.0,0.00025768311752281936,0.0001
0.7302209775651016,0.6498598291903986,1.0,0.0002589133760262027,0.0001
0.7253457829105878,0.8185072400975012,1.0,0.0002882910656068169,0.0001
0.9927702934606079,0.9781750683565481,1.0,0.00021040111061737654,0.0001
0.8176145900324422,0.5245389121970779,1.0,0.00020287784338616921,0.0001
0.5498836996235662,0.7824385380210032,1.0,0.0002168523313641764,0.0001
0.8753093725447026,0.6162417432773445,1.0,0.00024380201257529957,0.0001
0.8364892286480808,0.8653934173417761,1.0,0.0002887353863113813,0.0001
0.6163103560830716,0.8541444387664539,1.0,0.00024719609707188914,0.0001
0.048016797419696444,0.4966865266819175,0.0,1.1091293867196239e-05,0.0001
0.517815788013246,0.7847974652719386,1.0,0.00019918902172098756,0.0001
0.21677149030144205,0.6296058146081348,1.0,4.688046667404203e-05,0.0001
0.5745480881741826,0.6153857816212532,1.0,0.00019422059364197043,0.0001
0.31254963564738636,0.8930850533589891,1.0,8.66767810742952e-05,0.0001
0.6200413775784748,0.7115416178319605,1.0,0.00024286348825946477,0.0001
0.4098335588938862,0.5956131430569216,1.0,0.00011256493659414872,0.0001
0.943005470597186,0.6428304225378282,1.0,0.00023693486237779133,0.0001
0.783570129219693,0.7187786284385793,1.0,0.00028692337823144857,0.0001
0.9001715366135402,0.41918709061683646,0.0,0.0001367679126564886,0.0001
0.6327669963221492,0.9169844964829866,1.0,0.00024111842790571817,0.0001
0.5402935322720254,0.4576588994210362,0.0,0.00011795758042920133,0.0001
0.8293245337721454,0.5401487521044198,1.0,0.00021095323376878292,0.0001
0.746416246423105,0.932500899325072,1.0,0.00026811364247737165,0.0001
0.2231470928636785,0.9282315064204221,1.0,5.1807580798583144e-05,0.0001
0.7250852089121398,0.6561002207621575,1.0,0.00026033066270693736,0.0001
0.9666540807801205,0.8059374782690883,1.0,0.0002583990985009001,0.0001
0.6053727912125905,0.6917691655360277,1.0,0.00023173191041260026,0.0001
0.4366949403226418,0.6913351600490676,1.0,0.0001446846281478526,0.0001
0.5586856845647685,0.5814647454344105,1.0,0.0001747922599821851,0.0001
0.7774215214279638,0.7315402870355577,1.0,0.0002893296989278465,0.0001
0.9497048709314654,0.6410401968675513,1.0,0.00023396010926769227,0.0001
0.6887642263314909,0.5641169019335226,1.0,0.000211342131813146,0.0001
0.7448623965900375,0.3490018748295276,0.0,0.00010577901390755418,0.0001
0.9565248062678934,0.9185607267416074,1.0,0.00024487947728519854,0.0001
0.9113847538944061,0.47022424810161845,0.0,0.00016202593497735557,0.0001
0.6615822381100828,0.6583982856846544,1.0,0.0002440801983508045,0.0001
0.7827937162260041,0.24988218743458956,0.0,6.529537096711226e-05,0.0001
0.5006350930971929,0.8785141524963439,1.0,0.00018394381660381064,0.0001
0.4383593717562053,0.47465273412144515,0.0,9.095596856701579e-05,0.0001
0.9145652751027102,0.7203522718842087,1.0,0.00026940198988464333,0.0001
0.603938429590124,0.9632517717768324,1.0,0.00021445352809841775,0.0001
0.5102051094870852,0.6190745411943579,1.0,0.00016566604145633025,0.0001
0.9268577116807082,0.5921459555592701,1.0,0.00022075832487629542,0.0001
0.671679651445545,0.8381738008243144,1.0,0.00027149201003181145,0.0001
0.6512264416929829,0.9043308295213796,1.0,0.00025175515205973437,0.0001
0.4516171624277765,0.5534059775901506,1.0,0.00011942080088557172,0.0001
0.5795161504709468,0.42209114586178487,0.0,0.00011402392728968848,0.0001
0.9800684794415456,0.47890261290231884,0.0,0.00015079307279202293,0.0001
0.586692172691776,0.37563881458189563,0.0,9.612373234504019e-05,0.0001
0.7882695804000177,0.8624253225207795,1.0,0.000291015591971447,0.0001
0.9430565037505283,0.679270326588466,1.0,0.00024922232710795905,0.0001
0.6971296744576755,0.2727358329260029,0.0,7.01475187848921e-05,0.0001
0.8598437292029751,0.7156791173383581,1.0,0.0002814889094294066,0.0001
0.5161154179323448,0.85460800226079,1.0,0.00019552475888892214,0.0001
0.5544285136725423,0.7692188343065738,1.0,0.00021860911876959703,0.0001
0.4769845404758227,0.8354426056355209,1.0,0.00017513789545154572,0.0001
0.9282904397912384,0.8109665796719554,1.0,0.00027332346588434235,0.0001
0.6109679038663305,0.8481034033863623,1.0,0.0002455042136528963,0.0001
0.3600428561858059,0.7812065314534289,1.0,0.00011261467663256788,0.0001
0.7364663647697939,0.8059947716878096,1.0,0.00029096039670344596,0.0001
0.6870553969977573,0.4318007842573355,0.0,0.0001414453941406606,0.0001
0.7509924231526274,0.8841174612739181,1.0,0.00028320245064085317,0.0001
0.7426250091861618,0.49885053176163663,0.0,0.0001856076441426485,0.0001
0.7290489148986005,0.5529791493027701,1.0,0.0002134244015348261,0.0001
0.6431762761569162,0.7385989260750768,1.0,0.00025768311752281936,0.0001
0.4857551822675862,0.5920089802198835,1.0,0.00014598430496190058,0.0001
0.28897372285390766,0.9541562909339263,1.0,7.14493905595133e-05,0.0001
0.9225036753633165,0.5684033021809358,1.0,0.00021067750669423143,0.0001
0.811943381539677,0.27910601326485485,0.0,7.641534415071162e-05,0.0001
0.9087074594265961,0.8784590073674784,1.0,0.00027142444862639757,0.0001
0.8726469067267981,0.7313653785255747,1.0,0.00028248008229869254,0.0001
0.7750203672204559,0.7552092279421905,1.0,0.0002930661900161271,0.0001
0.2533165126824255,0.6076109006794527,1.0,5.537717251419425e-05,0.0001
0.8067085331266162,0.7895649559801492,1.0,0.0002967173469165963,0.0001
0.6323438295953557,0.9552981595392859,1.0,0.00022870178715777683,0.0001
0.685763257933446,0.8321405315734537,1.0,0.0002767554403898349,0.0001
0.9551582555756374,0.9390222341589212,1.0,0.00023901902117095015,0.0001
0.6294614092255684,0.4582055500040848,0.0,0.00014316748656449568,0.0001
0.6800715452488079,0.29769409471956787,0.0,7.826333113718564e-05,0.0001
0.514414482206121,0.5533292391125472,1.0,0.0001456959190176301,0.0001
0.6848063337033236,0.8580260146157589,1.0,0.00027324435522732397,0.0001
0.7874720917371727,0.116966172952373,0.0,2.8791743951362983e-05,0.0001
0.5406643156373937,0.5535822878057509,1.0,0.0001565954979215205,0.0001
0.36032590300734746,0.5289460462259656,1.0,7.822831586405979e-05,0.0001
0.4149444318226626,0.5479320127810353,1.0,0.0001029783900366639,0.0001
0.8067092707561347,0.506391437172679,1.0,0.00019292363792177759,0.0001
0.43345747915542643,0.5540614760717515,1.0,0.00011209576817029746,0.0001
0.8452621481312328,0.7457418623246991,1.0,0.0002896248389781895,0.0001
0.9907596735022244,0.9834845244561577,1.0,0.00020919573521579107,0.0001
0.78058993976503,0.904647058475652,1.0,0.0002805945312925904,0.0001
0.9279834107697144,0.8748871544246797,1.0,0.00026603031485879913,0.0001
0.32204620962549346,0.8372193679096009,1.0,9.410619975472087e-05,0.0001
0.9514104528774406,0.9659859586971935,1.0,0.00023071130013979792,0.0001
0.7288883337527369,0.4051948040184612,0.0,0.00013280865462936118,0.0001
0.6297090048933099,0.43008760189445927,0.0,0.00012959036514530512,0.0001
0.8905658186052492,0.7923946038636115,1.0,0.00028493167560913904,0.0001
0.9239326171152622,0.8695442810967658,1.0,0.00026842484328315583,0.0001
0.9853406908328749,0.5679821976781001,1.0,0.00019106855745717788,0.0001
0.3757536309333197,0.2461415486498949,0.0,2.6045073561209125e-05,0.0001
0.5683711631436634,0.9664436679611826,1.0,0.00019770428441449905,0.0001
0.7014505555479826,0.3404380181026252,0.0,9.839632182544455e-05,0.0001
0.663555381843428,0.5464305052073984,1.0,0.0001961689645714579,0.0001
0.5071428357266482,0.7026709494907533,1.0,0.0001844462606524507,0.0001
0.6699404251314364,0.9158327838221756,1.0,0.00025515873213464096,0.0001
0.5427760799339951,0.44580755470201794,0.0,0.00011391667929269933,0.0001
0.4171332724195912,0.8504178293312343,1.0,0.0001408795150034157,0.0001
0.7327712699604347,0.9371510759485534,1.0,0.00026425085641973754,0.0001
0.9234638453443461,0.4657936489962604,0.0,0.00015741150601385803,0.0001
0.9378842632800966,0.6124772175879127,1.0,0.00022648192596015843,0.0001
0.7325345751098274,0.708962948300203,1.0,0.00027848183223201217,0.0001
0.253973439333504,0.6168599995579801,1.0,5.654988341861999e-05,0.0001
0.8978997533117886,0.1599741861798708,0.0,3.650548211712119e-05,0.0001
0.9065436212868891,0.8367303064424366,1.0,0.00027867498413112704,0.0001
0.48258200681147734,0.7777989920001958,1.0,0.0001789871702682357,0.0001
0.7962066189282542,0.9073332954359151,1.0,0.00028030416981778927,0.0001
0.6428545918756194,0.6684396819764261,1.0,0.00024069618178664733,0.0001
0.8047440405883846,0.3783897231037687,0.0,0.00012207807597439812,0.0001
0.9749011327395227,0.35417953383516854,0.0,9.433176592000468e-05,0.0001
0.9920967745321624,0.7437256396157764,1.0,0.00024303600290322442,0.0001
0.9058278632556636,0.810081625344645,1.0,0.00028063182685367227,0.0001
0.7931854816725112,0.9946489623704597,1.0,0.00024564224369883153,0.0001
0.6904839847935964,0.842348676200387,1.0,0.0002771651740714008,0.0001
0.400512607020612,0.912140758288984,1.0,0.00012555210233653144,0.0001
0.542588836556236,0.5775555295271168,1.0,0.00016647401264456647,0.0001
0.9395980818898172,0.746423343205861,1.0,0.00026553829072519777,0.0001
0.7713910742994219,0.6623042807619742,1.0,0.0002689852528397473,0.0001
0.39508378050507786,0.5520204619792822,1.0,9.618702604099616e-05,0.0001
0.7462863001444109,0.608069751320947,1.0,0.00024345632306130034,0.0001
0.5725559883730533,0.564611059433456,1.0,0.00017379141326019266,0.0001
0.7100591890162561,0.4125239853942968,0.0,0.00013461440168992847,0.0001
0.5923312307768283,0.5132938899267208,1.0,0.00015868417533938638,0.0001
0.9459914135686158,0.4227869503942102,0.0,0.00013104405657961553,0.0001
0.9976747252250527,0.8703965228339726,1.0,0.00023826765139060426,0.0001
0.5633737090444138,0.33105785827133105,0.0,7.474301740539624e-05,0.0001
0.47501721058589985,0.9221102410729302,1.0,0.00016254027912964813,0.0001
0.3700990060005379,0.6153295121570802,1.0,9.938082583031733e-05,0.0001
0.9030921063003984,0.7800701037033944,1.0,0.0002810193558061275,0.0001
0.42040238207017044,0.8967566917981508,1.0,0.0001378641003464412,0.0001
0.8965634962852257,0.8517884815039923,1.0,0.00027964381005739436,0.0001
0.7411392261147439,0.7655728306316788,1.0,0.0002901216625700406,0.0001
0.5157925341661302,0.800212554749359,1.0,0.00019827993007548708,0.0001
0.6412138749808204,0.6309050761514337,1.0,0.00022690214170502138,0.0001
0.8342638754095831,0.2979324179524293,0.0,8.370679140656755e-05,0.0001
0.8543832756988213,0.8404453698478241,1.0,0.00029020356397785704,0.0001
0.4219880692092577,0.8036485253296203,1.0,0.00014533156785013094,0.0001
0.6803995981672158,0.6145982777226088,1.0,0.00023279522183039894,0.0001
0.5057378429027387,0.8774357203356967,1.0,0.00018690807625326185,0.0001
0.8507894052354847,0.627960184911773,1.0,0.000252816304609358,0.0001
0.8098377263029893,0.7415240519516303,1.0,0.0002917707460915068,0.0001
0.13684688210419316,0.6215394493863993,1.0,2.8090974570121873e-05,0.0001
0.8620623555985214,0.7439074882521245,1.0,0.00028673514079368675,0.0001
0.9453505907628574,0.8898053160155752,1.0,0.00025661849313367074,0.0001
0.7205698734458298,0.11646667204255934,0.0,2.7824437669292033e-05,0.0001
0.6736685608102807,0.6112282300854828,1.0,0.00022942527935859578,0.0001
0.6416763258661594,0.579941040763286,1.0,0.00020563192688174706,0.0001
0.6320227135904124,0.4648403490658175,0.0,0.0001470551465097548,0.0001
0.7067624490658462,0.861756681453331,1.0,0.0002789447745455127,0.0001
0.7208264212282619,0.22830124420835274,0.0,5.614905492722452e-05,0.0001
0.4949571134887413,0.8093772835505847,1.0,0.00018639237304681193,0.0001
0.6289672164886652,0.8555468009633583,1.0,0.0002526136291460967,0.0001
0.49449388227661184,0.40346451637988423,0.0,8.483240259540324e-05,0.0001
0.8448152619945902,0.851452960616728,1.0,0.00029011296750637263,0.0001
0.8591217957755045,0.20836649038527033,0.0,5.0699775490864385e-05,0.0001
0.4663605705156001,0.5214109486469903,1.0,0.00011545880762049254,0.0001
0.9281711197539473,0.809084901158552,1.0,0.000273416864773453,0.0001
0.7803545068541629,0.8026257774596544,1.0,0.00029636306215064727,0.0001
0.7014721152086006,0.5024779015227754,1.0,0.00018171031601092014,0.0001
0.8021295141542985,0.8728320861965955,1.0,0.00028916695680761083,0.0001
0.9248848306343533,0.8091473659621901,1.0,0.00027455455611683443,0.0001
0.9517090365529469,0.8670426360120079,1.0,0.0002587850334775366,0.0001
0.6095805272677354,0.608872409923659,1.0,0.0002063559949578644,0.0001
0.5562541884616795,0.3602669415817771,0.0,8.390318276981068e-05,0.0001
0.6817888585174032,0.6908919338189214,1.0,0.00026090523163188514,0.0001
0.9299133840548915,0.21978379998301178,0.0,5.069908352376065e-05,0.0001
0.9491205179575232,0.913943248650981,1.0,0.0002489991544380388,0.0001
0.6194271709860976,0.7610914661783014,1.0,0.0002503718872762014,0.0001
0.9145652751027102,0.7203522718842087,1.0,0.00026940198988464333,0.0001
0.862125397403373,0.8524550146821768,1.0,0.00028729052809022974,0.0001
0.27516679221315066,0.3854176134672568,0.0,3.1718725253098364e-05,0.0001
0.6493466276386062,0.8226607839346105,1.0,0.0002644096793148068,0.0001
0.9181805927159602,0.7712539979226855,1.0,0.0002757747857413852,0.0001
0.5803578666961398,0.7596577122910675,1.0,0.00023141175896246812,0.0001
0.5146089411955866,0.9095855945529437,1.0,0.00018609627915933043,0.0001
0.8133707309757681,0.6215690178928387,1.0,0.00025301973900337114,0.0001
0.4048341894956575,0.5491151826065848,1.0,9.929084958618094e-05,0.0001
0.3432881734358101,0.9051121368675359,1.0,9.902557948240897e-05,0.0001
0.6543230127441051,0.40730996441844625,0.0,0.000123521251880509,0.0001
0.6451558117627452,0.4469619015207512,0.0,0.0001412436419866519,0.0001
0.7049462990713452,0.9271896229338218,1.0,0.00026177554375648836,0.0001
0.730037726196732,0.6794513642954443,1.0,0.000269458933375851,0.0001
0.7564353026057618,0.6482593759433619,1.0,0.0002621544844585134,0.0001
0.73452243793007,0.9555958151553453,1.0,0.00025751104707113354,0.0001
0.3912353077813099,0.7343880624378297,1.0,0.0001260378129612339,0.0001
0.9579711411434627,0.3209572440521641,0.0,8.320980981206316e-05,0.0001
0.7267764891937671,0.9286138180272899,1.0,0.00026614292618433054,0.0001
0.6507419788285604,0.5292373305866507,1.0,0.00018412181275589252,0.0001
0.8176674951844538,0.6608119712606447,1.0,0.0002691105403658149,0.0001
0.7467294102611561,0.7191061118227006,1.0,0.0002833382972008618,0.0001
0.7427302287410741,0.4324402002797407,0.0,0.00014865813877710667,0.0001
0.4831540247828505,0.6971492685174975,1.0,0.00017049419337365008,0.0001
0.5974713122048144,0.38320424032037326,0.0,0.0001014804928395477,0.0001
0.624030400856677,0.6660842788768863,1.0,0.00023253851416708848,0.0001
0.34501455020561045,0.7635257341459482,1.0,0.00010477747405938225,0.0001
0.9806030567345049,0.7797912055351012,1.0,0.00025174588029513745,0.0001
0.8453338581690851,0.4330147719591556,0.0,0.00014988718079753528,0.0001
0.7824247506420221,0.6892839807556861,1.0,0.0002788613857339865,0.0001
0.9440246552258251,0.7551266528592929,1.0,0.0002650095522572719,0.0001
0.8864585879435373,0.9241351909451758,1.0,0.0002648401136734562,0.0001
0.5678849971135419,0.6052468499440226,1.0,0.00018763876364491603,0.0001
0.2358815972927708,0.6707777186567151,1.0,5.56404031786507e-05,0.0001
0.633574623729715,0.9852934763198313,1.0,0.00021776011639339213,0.0001
0.4530665405547196,0.5228965637927164,1.0,0.00011080853104833554,0.0001
0.17932769543898497,0.3782586529888309,0.0,1.777957092662348e-05,0.0001
0.35800590570752966,0.45737355862994133,0.0,6.216494004757514e-05,0.0001
0.6193491222862199,0.7339175155306823,1.0,0.0002467908687367138,0.0001
0.8496419463954793,0.5618847663272301,1.0,0.00022090517296470338,0.0001
0.4070420733356148,0.3721888023614882,0.0,5.4946374461301667e-05,0.0001
0.6429547478517101,0.5680677527859582,1.0,0.00020059151408633168,0.0001
0.9694841705738325,0.8227750464199338,1.0,0.0002565520403791113,0.0001
0.8295627908185707,0.9490656069936273,1.0,0.0002645623352689198,0.0001
0.6210155583655613,0.9251074652330766,1.0,0.0002339512881883143,0.0001
0.19725746137269728,0.5202146339739738,1.0,3.2643879165195105e-05,0.0001
0.15848843376426713,0.8469499401435979,1.0,3.751881468562609e-05,0.0001
0.6773007312075923,0.6417175487043623,1.0,0.0002429868289017934,0.0001
0.8227721711786032,0.5013092188726628,1.0,0.00018959224593547742,0.0001
0.9384328593292136,0.7283256543370302,1.0,0.0002629713583753812,0.0001
0.1485640890278377,0.7220211645737322,1.0,3.451183263561548e-05,0.0001
0.7566110108224999,0.7190634243634602,1.0,0.0002846848549325331,0.0001
0.8962051741469611,0.8324386885365591,1.0,0.00028202929382072263,0.0001
0.8182931093217954,0.3443595571647904,0.0,0.00010498686106300073,0.0001
0.8047440405883846,0.3783897231037687,0.0,0.00012207807597439812,0.0001
0.5877886341302323,0.7543651069673992,1.0,0.00023462029190580972,0.0001
0.729557973398045,0.2542510294257513,0.0,6.533509762093457e-05,0.0001
0.8147952308352636,0.8281224403638394,1.0,0.00029545029374952194,0.0001
0.3932555089919906,0.5578194596498117,1.0,9.68426008721166e-05,0.0001
0.5838428094354957,0.37563306700763843,0.0,9.553506380127642e-05,0.0001
0.11656544095599697,0.4975575265989871,0.0,1.8188294603376903e-05,0.0001
0.9524507643435306,0.5404271720303558,1.0,0.00018875559342459476,0.0001
0.651263620350055,0.3726093297302344,0.0,0.00010665752349826934,0.0001
0.7538614159429751,0.9169227574235754,1.0,0.00027439014043901096,0.0001
0.8886480593352709,0.8561512360807669,1.0,0.0002810386672915144,0.0001
0.7369721847016842,0.9819262667923794,1.0,0.00024670692762724755,0.0001
0.9479589535838847,0.8745077492385577,1.0,0.0002588718577027185,0.0001
0.4992587023246674,0.8229468552977126,1.0,0.00018842311262520038,0.0001
0.8031294785829926,0.6719749268848598,1.0,0.0002735675020567817,0.0001
0.9704225112950876,0.4449209842585956,0.0,0.00013671859546702592,0.0001
0.5919430029594694,0.9534814073847373,1.0,0.00021258208208589535,0.0001
0.4904873716693734,0.33876874639066645,0.0,6.349034090284253e-05,0.0001
0.8357763872284496,0.6784070498997865,1.0,0.00027402668374776183,0.0001
0.8295627908185707,0.9490656069936273,1.0,0.0002645623352689198,0.0001
0.6667699689013449,0.4227209544082171,0.0,0.00013336648531906605,0.0001
0.8957652264121811,0.5158915811918114,1.0,0.00018944648876076975,0.0001
0.5141291630754834,0.9656209424551411,1.0,0.00017205037376377284,0.0001
0.17361499529122548,0.049093989787732384,0.0,2.490440028379476e-06,0.0001
0.780513162630097,0.7506481198770171,1.0,0.00029279501013734717,0.0001
0.8331646203395179,0.47597615754435274,0.0,0.00017470393687795825,0.0001
0.4101467105697525,0.37978137909156484,0.0,5.743782631877522e-05,0.0001
0.6510172861740731,0.4498887138584309,0.0,0.0001439809006004095,0.0001
0.8132345312749204,0.9595870259976584,1.0,0.0002612123312156729,0.0001
0.6991704317384677,0.5288781391447305,1.0,0.0001954258724025042,0.0001
0.8179573622685093,0.8284623396181366,1.0,0.000295268941283211,0.0001
0.1702012339177803,0.6379671948650264,1.0,3.583925804704537e-05,0.0001
0.8313469296933289,0.8378295417971019,1.0,0.0002933835928545684,0.0001
0.8295277427922523,0.3897775392616245,0.0,0.0001274568263165682,0.0001
0.9527735040613869,0.13865457086172162,0.0,2.9664820940702464e-05,0.0001
0.6604428741210194,0.85004836411168,1.0,0.000266039372276052,0.0001
0.8147277638670056,0.3274709874260151,0.0,9.712964094946776e-05,0.0001
0.8759911469319799,0.6237602440692661,1.0,0.0002469964427395889,0.0001
0.6506515487833767,0.4634397878082629,0.0,0.00015075572068045122,0.0001
0.4544533825316106,0.8748920164490305,1.0,0.0001589346433676801,0.0001
0.6053727912125905,0.6917691655360277,1.0,0.00023173191041260026,0.0001
0.7411166451113782,0.6045012912042743,1.0,0.00024107654362213576,0.0001
0.8936233812172419,0.47030954001921343,0.0,0.00016504922784994403,0.0001
0.5332853306296149,0.5043136894849392,1.0,0.00013438568596173237,0.0001
0.8087417295072863,0.4479710191446854,0.0,0.00015973965897140218,0.0001
0.4399843634879892,0.49617647029106116,0.0,9.790028746878063e-05,0.0001
0.42869874282330456,0.5670478566098994,1.0,0.00011362378292599341,0.0001
0.8366523056380345,0.9075363721166247,1.0,0.0002783869772898637,0.0001
0.802068223862909,0.22751528853834435,0.0,5.7675608386610505e-05,0.0001
0.5827939947964587,0.9503532074227721,1.0,0.0002094796892927496,0.0001
0.731778365342156,0.7337943339066983,1.0,0.0002838263354653988,0.0001
0.5079718736493615,0.49949902156454684,0.0,0.000123426167275919,0.0001
0.9763194740438123,0.650738600649598,1.0,0.0002274002892395672,0.0001
0.8707139659425606,0.5623969778009902,1.0,0.00021838753299515697,0.0001
0.8111764370898606,0.9164610290635898,1.0,0.00027730252115885673,0.0001
0.8995503880194121,0.7643276572635241,1.0,0.00028079798202844554,0.0001
0.32384426726861626,0.842792510673648,1.0,9.470549848588921e-05,0.0001
0.5522913926667277,0.5124901814192272,1.0,0.00014452351312980026,0.0001
0.6547658405641125,0.48981981359498183,0.0,0.00016517836979112316,0.0001
0.9043368517545586,0.5790355675163504,1.0,0.00022030042198073645,0.0001
0.9072780919055476,0.6872698846434745,1.0,0.00026308209322643697,0.0001
0.8301510596331035,0.7279107914585204,1.0,0.00028801707386938164,0.0001
0.7225430827541794,0.4191886254613024,0.0,0.00013955587790759566,0.0001
0.6208539426225615,0.8937949872153804,1.0,0.00024203816421001725,0.0001
0.5651158555821796,0.6227847702896533,1.0,0.00019261058761086653,0.0001
0.5437194564260942,0.6006675931948177,1.0,0.00017529737850617542,0.0001
0.8234641003679897,0.621317274481251,1.0,0.0002524363310214422,0.0001
0.7797669467376783,0.8189003529343005,1.0,0.0002958097365265628,0.0001
0.9645495300861779,0.7564855481656384,1.0,0.0002569031556780445,0.0001
0.16683674175746543,0.6858479474421734,1.0,3.748412279231826e-05,0.0001
0.7300611216889735,0.8594663911535197,1.0,0.0002846928764418614,0.0001
0.21101348658523023,0.7352773966947272,1.0,5.131991188415603e-05,0.0001
0.8039341004240816,0.6597296906622899,1.0,0.0002691027509428975,0.0001
0.8131339703916751,0.12233246546012888,0.0,2.9860021789567775e-05,0.0001
0.7041226714080655,0.4988578242118311,0.0,0.00018021563456297653,0.0001
0.8945693037001025,0.05216584570359284,0.0,1.7331975440966516e-05,0.0001
0.933167483598902,0.8264277592327005,1.0,0.0002708024095361301,0.0001
0.7754829771839362,0.3390678912302001,0.0,0.00010233502585268612,0.0001
0.864200867361851,0.6030263735467953,1.0,0.00023959443988081535,0.0001
0.5623622232200762,0.7006442852307736,1.0,0.00021311525220175603,0.0001
0.2980043478746439,0.964372643986852,1.0,7.358634365501762e-05,0.0001
0.34616695090377014,0.6038531277668918,1.0,8.747554817476182e-05,0.0001
0.5319474565942188,0.5578686430873173,1.0,0.00015464786047976928,0.0001
0.9822295998191805,0.4377462100231073,0.0,0.0001304998774339243,0.0001
0.8775770302351847,0.24913785677327482,0.0,6.319422891016619e-05,0.0001
0.6451824615071123,0.7996263773496294,1.0,0.00026340859387323284,0.0001
0.9635855487408296,0.21980711368672812,0.0,4.826127016921103e-05,0.0001
0.9651295491956697,0.7561133033925048,1.0,0.0002566158998412272,0.0001
0.7636464969153547,0.8862510881599901,1.0,0.0002842190738515436,0.0001
0.6461679972919192,0.7845250542303684,1.0,0.0002634940190323365,0.0001
0.4765790922358315,0.9697952535994376,1.0,0.00015238221027402132,0.0001
0.9997597598204488,0.8027735885660279,1.0,0.00024322603407968068,0.0001
0.5642802807816781,0.9245770734445771,1.0,0.00020812384231965803,0.0001
0.5166311299369618,0.6550549437714828,1.0,0.00017893355491632452,0.0001
0.7450498289964492,0.713099666403928,1.0,0.00028165798569910154,0.0001
0.6562735930206758,0.36658008686107135,0.0,0.00010468951386254952,0.0001
0.8160101151348299,0.8489072261436447,1.0,0.0002930397489597811,0.0001
0.7369482119389134,0.7277942161913455,1.0,0.00028361096247194384,0.0001
0.39134116644872563,0.8151785548166276,1.0,0.00012868754194647123,0.0001
0.8303526937555518,0.5369969788889959,1.0,0.00020915802963726034,0.0001
0.47482518420922704,0.8701862465311152,1.0,0.0001707542886089302,0.0001
0.7778978634909783,0.617607225406963,1.0,0.0002508289722093609,0.0001
0.5207253616194832,0.96744620570772,1.0,0.0001747552960916283,0.0001
0.4915541262851516,0.8106782845456437,1.0,0.0001844327780928874,0.0001
0.5072629076802871,0.910450523564648,1.0,0.00018201295169343205,0.0001
0.7654331626891987,0.929431755761268,1.0,0.00027145930438400877,0.0001
0.7080345540612609,0.510112858448128,1.0,0.000186996233352914,0.0001
0.9635338396320775,0.7138354099274935,1.0,0.00025031276555029534,0.0001
0.34717547700912965,0.7908172768556848,1.0,0.00010647152829362265,0.0001
0.5075532178147385,0.6702315473039717,1.0,0.0001779895082154185,0.0001
0.17751301264192687,0.2640792111050212,0.0,1.0176119578629983e-05,0.0001
0.6211949980748628,0.6533927888660067,1.0,0.0002272895940725422,0.0001
0.6699404251314364,0.9158327838221756,1.0,0.00025515873213464096,0.0001
0.3877327693263122,0.8396943028996791,1.0,0.00012594558249762755,0.0001
0.49842101801704886,0.5250869738200703,1.0,0.00012914220904748685,0.0001
0.839849772437446,0.5925934955472986,1.0,0.00023758421552592954,0.0001
0.6229742182490619,0.6394576251625855,1.0,0.0002231824407546129,0.0001
0.7368565463922162,0.795144940939568,1.0,0.0002910503068237128,0.0001
0.3987271387680199,0.6697526254276648,1.0,0.00012195206111750255,0.0001
0.11313760189117672,0.5378641715939729,1.0,1.9907045856856186e-05,0.0001
0.9230592525510192,0.9102328088626874,1.0,0.0002590640181890878,0.0001
0.6252905438862716,0.40005583995794114,0.0,0.0001145665456097335,0.0001
0.7212079644955683,0.9961692774595343,1.0,0.00023748313565460295,0.0001
0.5056414565415887,0.43213444422361447,0.0,9.787482520460329e-05,0.0001
0.6046241356850506,0.3493623411688571,0.0,8.88828601754054e-05,0.0001
0.904702950971814,0.3200069960290802,0.0,8.883400408253002e-05,0.0001
0.7296374532585413,0.6294017599869206,1.0,0.0002504542394961795,0.0001
0.6946711124272731,0.8534717342510872,1.0,0.00027693489984815834,0.0001
0.6297090048933099,0.43008760189445927,0.0,0.00012959036514530512,0.0001
0.8365578966292996,0.5092886178746684,1.0,0.00019331123895164807,0.0001
0.9195310912417659,0.8857943347666865,1.0,0.0002664822710668549,0.0001
0.35890143519172324,0.8319606674660617,1.0,0.00011167605607424894,0.0001
0.6947365392169507,0.9188063652563403,1.0,0.0002617978710746264,0.0001
0.7561152494022578,0.39801088087028824,0.0,0.0001310978313138699,0.0001
0.16922162695177978,0.9661241615734284,1.0,3.538034711567026e-05,0.0001
0.6358159916818042,0.7839050490783811,1.0,0.0002591669074390381,0.0001
0.8790763664536395,0.5849870245820564,1.0,0.0002284074756870637,0.0001
0.37219066840851267,0.28905174427491853,0.0,3.223667383565127e-05,0.0001
0.6579801261305976,0.718576289972245,1.0,0.00025970649784321084,0.0001
0.37576006703270304,0.9138327682696777,1.0,0.00011316674667125665,0.0001
0.8456936433842224,0.585228658075798,1.0,0.0002333352528367877,0.0001
0.5071428357266482,0.7026709494907533,1.0,0.0001844462606524507,0.0001
0.7566110108224999,0.7190634243634602,1.0,0.0002846848549325331,0.0001
0.865930008029971,0.5015837817630621,1.0,0.00018615030490017528,0.0001
0.24364108154889974,0.8505917818366966,1.0,6.236945123295803e-05,0.0001
0.567936760728979,0.4839410005483632,0.0,0.00013766404682657714,0.0001
0.8832342532707779,0.5330543423913116,1.0,0.0002008603397428213,0.0001
0.6561696368145464,0.6495227677428245,1.0,0.00023910352342737328,0.0001
0.9584794573836866,0.32305557838330556,0.0,8.398102378101356e-05,0.0001
0.6557442397173624,0.3399104575223959,0.0,9.285962156111696e-05,0.0001
0.6079933687282599,0.7636253414842549,1.0,0.00024532924202686315,0.0001
0.6562444199029691,0.5286139110286424,1.0,0.00018529869378798046,0.0001
0.5942476804019394,0.6782099871048142,1.0,0.0002231212494640915,0.0001
0.6868667026778311,0.9938381148258163,1.0,0.0002308314235574904,0.0001
0.6985228082206208,0.5630574250994621,1.0,0.00021301283951661874,0.0001
0.7617390957252058,0.6129058248168618,1.0,0.00024745007108206533,0.0001
0.313689929995252,0.9123396739045639,1.0,8.545253127212088e-05,0.0001
0.7648402592971956,0.5557821553380978,1.0,0.00021901859819708876,0.0001
0.4056329181076722,0.6021957769627239,1.0,0.00011220077887560532,0.0001
0.9762346733052992,0.8613541015921643,1.0,0.00024949391728796547,0.0001
